Index primers,,,,
,,,,
add to 5' end of 2nd rd PCR Primer,,,,
Forward,TCGTCGGCAGCGTC,,,
Reverse,GTCTCGTGGGCTCGG,,,
,,,,
Name,Sequence,Unique,Nextera ID,
Index_F01,CTACACTCGCCTTATCGTCGGCAGCGTC,TCGCCTTA,N701,
Index_F02,CTACACCTAGTACGTCGTCGGCAGCGTC,CTAGTACG,N702,
Index_F03,CTACACTTCTGCCTTCGTCGGCAGCGTC,TTCTGCCT,N703,
Index_F04,CTACACGCTCAGGATCGTCGGCAGCGTC,GCTCAGGA,N704,
Index_F05,CTACACAGGAGTCCTCGTCGGCAGCGTC,AGGAGTCC,N705,
Index_F06,CTACACCATGCCTATCGTCGGCAGCGTC,CATGCCTA,N706,
Index_F07,CTACACGTAGAGAGTCGTCGGCAGCGTC,GTAGAGAG,N707,
Index_F08,CTACACCAGCCTCGTCGTCGGCAGCGTC,CAGCCTCG,N710,
Index_F09,CTACACTGCCTCTTTCGTCGGCAGCGTC,TGCCTCTT,N711,
Index_F10,CTACACTCCTCTACTCGTCGGCAGCGTC,TCCTCTAC,N712,
Index_F11,CTACACTCATGAGCTCGTCGGCAGCGTC,TCATGAGC,N714,
Index_F12,CTACACCCTGAGATTCGTCGGCAGCGTC,CCTGAGAT,N715,
Index_F13,CTACACTAGCGAGTTCGTCGGCAGCGTC,TAGCGAGT,N716,
Index_F14,CTACACGTAGCTCCTCGTCGGCAGCGTC,GTAGCTCC,N718,
Index_F15,CTACACTACTACGCTCGTCGGCAGCGTC,TACTACGC,N719,
Index_F16,CTACACAGGCTCCGTCGTCGGCAGCGTC,AGGCTCCG,N720,
Index_F17,CTACACGCAGCGTATCGTCGGCAGCGTC,GCAGCGTA,N721,
Index_F18,CTACACCTGCGCATTCGTCGGCAGCGTC,CTGCGCAT,N722,
Index_F19,CTACACGAGCGCTATCGTCGGCAGCGTC,GAGCGCTA,N723,
Index_F20,CTACACCGCTCAGTTCGTCGGCAGCGTC,CGCTCAGT,N724,
Index_F21,CTACACGTCTTAGGTCGTCGGCAGCGTC,GTCTTAGG,N726,
Index_F22,CTACACACTGATCGTCGTCGGCAGCGTC,ACTGATCG,N727,
Index_F23,CTACACTAGCTGCATCGTCGGCAGCGTC,TAGCTGCA,N728,
Index_F24,CTACACGACGTCGATCGTCGGCAGCGTC,GACGTCGA,N729,
,,,,
Index_R01,CGAGATCTCTCTATGTCTCGTGGGCTCGG,CTCTCTAT,S502,
Index_R02,CGAGATTATCCTCTGTCTCGTGGGCTCGG,TATCCTCT,S503,
Index_R03,CGAGATGTAAGGAGGTCTCGTGGGCTCGG,GTAAGGAG,S505,
Index_R04,CGAGATACTGCATAGTCTCGTGGGCTCGG,ACTGCATA,S506,